iteration,train_auc,validation_auc
1.0,0.7316511142299582,0.7112383682487591
2.0,0.7364879761355624,0.7162000856610017
3.0,0.7446423183604195,0.7250358135018282
4.0,0.751211077856568,0.7309913282040041
5.0,0.7535081519720351,0.7336764208563556
6.0,0.7546862492210121,0.7345307990415914
7.0,0.7549339389852916,0.735178103172738
8.0,0.7555884642447741,0.7355159344033229
9.0,0.7565264359789524,0.7359868811062987
10.0,0.7567787925449013,0.7358211680710818
11.0,0.7569759425949345,0.7356865492741169
12.0,0.757405621047533,0.7362477649179404
13.0,0.7577370807306171,0.7362589116065457
14.0,0.7579625101970103,0.7362443681881273
15.0,0.7597499851000135,0.7379366378616141
16.0,0.7597104717116783,0.7376965245095163
17.0,0.7610605964543098,0.7389691564464642
18.0,0.7619259832383508,0.7397561842658417
19.0,0.7621959245758918,0.7397927699136447
20.0,0.7623534972570098,0.7397998608320431
21.0,0.7641586390884864,0.7414702592704095
22.0,0.7646275369095729,0.7415723713452514
23.0,0.764648943066716,0.7413083864813788
24.0,0.7650306843605701,0.7416973075919993
25.0,0.7650921692617191,0.7416316742935453
26.0,0.7652609151332612,0.7415367404154242
27.0,0.7655235562866243,0.7416054337987334
28.0,0.7659052087347185,0.7418240179042395
29.0,0.7661348715343517,0.7420186129394138
30.0,0.7663409718858853,0.7420206630893954
31.0,0.7670236423479203,0.7423956446050936
32.0,0.7673402013901536,0.7426696326334289
33.0,0.7676744868337175,0.7428928727702571
34.0,0.7678779485679678,0.7428654246284535
35.0,0.7681798227583974,0.7429066342461541
36.0,0.7688388916569328,0.743356338474169
37.0,0.7695995907985902,0.7439883920543667
38.0,0.7706380648273473,0.7448754657678923
39.0,0.7711806582432756,0.7452384865910394
40.0,0.7717312079351479,0.7457936657810945
41.0,0.7720332618528432,0.7459249822513297
42.0,0.7723453310578748,0.7460514663524077
43.0,0.772564330039747,0.746257690778746
44.0,0.7728568915659366,0.7465830786142211
45.0,0.7735775112365363,0.7471197815177786
46.0,0.7738706147073207,0.7472655452221584
47.0,0.7743837197647478,0.7476706733828938
48.0,0.7746773014903677,0.7478525827810842
49.0,0.7749889450791321,0.7480492154979084
50.0,0.775272960690169,0.7482017459440605
51.0,0.775840897686298,0.7486409340248199
52.0,0.7761732552786582,0.7487967632353212
53.0,0.7768065862439636,0.7492367118843187
54.0,0.7773399840510316,0.7496468861570418
55.0,0.7780805173863354,0.7502444558939354
56.0,0.7784354649219791,0.7505425879561544
57.0,0.7788849218076014,0.7508819527915472
58.0,0.7792304329347471,0.7511349583986986
59.0,0.7795032014868721,0.7512880374514488
60.0,0.7798683342946207,0.7514681763465273
61.0,0.7803022175800188,0.751829084678034
62.0,0.7806804041710124,0.7521749312647588
63.0,0.7810756546735127,0.7524732877569497
64.0,0.78145127273504,0.7527343817490412
65.0,0.7818804213121077,0.7529451784907597
66.0,0.7821783862890992,0.7531649488689744
67.0,0.7825536389342684,0.7534511469564963
68.0,0.7828853075721104,0.753650483520125
69.0,0.783397412205923,0.7539720417965555
70.0,0.7836528290793416,0.7540750872150902
71.0,0.7841419819887728,0.7544469498666547
72.0,0.784498506791124,0.7546879306584059
73.0,0.7848594011762684,0.7549232971384787
74.0,0.7852366318392325,0.7552393729113095
75.0,0.7855688053420148,0.7554376692598304
76.0,0.7859513367960319,0.7557251711786175
77.0,0.7863034313794494,0.7559283052398663
78.0,0.786617540837931,0.7561014796810543
79.0,0.7869341245999338,0.7562742230742011
80.0,0.7872513946990676,0.7564323678320317
81.0,0.7876334977740195,0.7566035117163311
82.0,0.7879554858592867,0.7567828918243616
83.0,0.7883221882269908,0.7570106668715748
84.0,0.7886671046255634,0.757236600168066
85.0,0.7891074838301669,0.7575220287813983
86.0,0.7894362585100472,0.757722708362478
87.0,0.7897448967564764,0.7579215996285434
88.0,0.7901342121877193,0.7581601686886916
89.0,0.7906101416199581,0.7585552651859204
90.0,0.7911109394311806,0.759003166849399
91.0,0.7914094280310553,0.759129798789268
92.0,0.7917688901236701,0.7592834478228992
93.0,0.7921623384095602,0.7594744911647086
94.0,0.792604188585862,0.7597742726091021
95.0,0.7929561832723284,0.7600178183148181
96.0,0.7933155645167558,0.7601935398580684
97.0,0.7936325699689449,0.7604126975068359
98.0,0.7940663920365608,0.7608015847748417
99.0,0.7944826110108729,0.7610467584884492
100.0,0.7949153660569069,0.761299915496772
101.0,0.7953259186783975,0.7614936448734833
102.0,0.7957111983891465,0.7617325772964432
103.0,0.796057245789881,0.7619503741158572
104.0,0.7964978227526408,0.7622775182049222
105.0,0.7968916959277462,0.7624834416101076
106.0,0.7972597110606239,0.7626370015842262
107.0,0.7975640181126079,0.7627943804302479
108.0,0.7979118558062991,0.7629824099981486
109.0,0.7983584838778228,0.7632485803824621
110.0,0.7987755956720468,0.7636628139877726
111.0,0.7990854518760626,0.7638401528517729
112.0,0.7993523334877756,0.7639801650928247
113.0,0.7997570758001398,0.7642518464797821
114.0,0.8001890040425876,0.7644831803451213
115.0,0.8006008400563489,0.7646381902081061
116.0,0.8009218006716654,0.76483250025284
117.0,0.8012480225264036,0.764950814034226
118.0,0.8016044469955725,0.7651527083870585
119.0,0.8019785266149716,0.7653745948192942
120.0,0.8022680910872195,0.7655260316146308
121.0,0.8025853940491057,0.765732585561166
122.0,0.802968836935567,0.7659163937081663
123.0,0.8033092470655618,0.7660929060998891
124.0,0.8036578490363633,0.7663164490390604
125.0,0.803966529742632,0.7664718151400958
126.0,0.8043142290056138,0.7666882867539614
127.0,0.8046332998672537,0.7668530468523928
128.0,0.8049839157722211,0.7670668751799224
129.0,0.8052748136579203,0.7672101861853236
130.0,0.8056552471305551,0.7674888854618789
131.0,0.8059534178632755,0.7676226457251416
132.0,0.8062465411098755,0.7677167032576581
133.0,0.8065215549441274,0.7678217436092764
134.0,0.806834012249541,0.7679144118133953
135.0,0.8071309862545946,0.7679972763463598
136.0,0.8074428409792729,0.7681586628704515
137.0,0.8077346058018312,0.768283435247696
138.0,0.8080472597021179,0.7684899500080457
139.0,0.8083538595854325,0.7686443435792027
140.0,0.8086598123924267,0.7687492734970254
141.0,0.8089567070033968,0.7689368720168849
142.0,0.8092563280595375,0.7691106841241836
143.0,0.809545859669033,0.769275985704452
144.0,0.8098283999460594,0.7694006725845645
145.0,0.8101094305722185,0.7695190006154725
146.0,0.8103876236596548,0.7696705514069854
147.0,0.8107241213771825,0.7698937630447694
148.0,0.8110071432534839,0.7700471912108093
149.0,0.8112923817660613,0.7701609487075274
150.0,0.8116484822608387,0.7704355654960221
151.0,0.8119037921121962,0.7705427397135639
152.0,0.8121728316143801,0.7706710067860855
153.0,0.8124117816314316,0.7707304272929361
154.0,0.8126894643283319,0.7708826513743646
155.0,0.8129213165724948,0.7710114955525282
156.0,0.8132008311497287,0.7711023896911547
157.0,0.8134743283534137,0.7711639832501144
158.0,0.8137142584366225,0.771245006032357
159.0,0.8139808943047441,0.7714023528169541
160.0,0.8142395200950704,0.7715465864789064
161.0,0.8145455924294208,0.771765245394403
162.0,0.8148189005995741,0.7718441877464299
163.0,0.8150882003863902,0.7720097956914219
164.0,0.8153823077706389,0.7722239268212946
165.0,0.815657850607959,0.7723023276914844
166.0,0.8159116307418128,0.7723728343264716
167.0,0.8161488878908817,0.7724361164537913
168.0,0.8164346333041452,0.772572829930494
169.0,0.8167100252054607,0.7727027428228096
170.0,0.8169530225758388,0.7727773782568039
171.0,0.8172174909564025,0.7728465988724282
172.0,0.8175133383216064,0.7730729739041022
173.0,0.8177567373155344,0.773174473249497
174.0,0.8180339325967434,0.7733133704654503
175.0,0.8183126061201712,0.7734343738441188
176.0,0.8185737751385526,0.7735212424927729
177.0,0.8188244158616742,0.7735663529171283
178.0,0.819086934288652,0.7736729749656917
179.0,0.8193269236993076,0.773810564787999
180.0,0.8195588544650914,0.7738790194918143
181.0,0.8197867762658966,0.7739077394034587
182.0,0.820044907660832,0.7739888512452141
183.0,0.8203118858250567,0.7740991924190262
184.0,0.8205421240136787,0.77415736965508
185.0,0.8207973233531252,0.7741906707880559
186.0,0.821023215806261,0.7742861212113504
187.0,0.8212953795964947,0.7744370450238941
188.0,0.8215215666511194,0.7745238958606456
189.0,0.821747909004061,0.7745764908464455
190.0,0.82197833099144,0.7746608088306568
191.0,0.822242263098415,0.7748257399233526
192.0,0.8224838249772346,0.7749261919288783
193.0,0.8227297148514703,0.7750479897183998
194.0,0.8229427192892276,0.7751013648655306
195.0,0.8231897939674766,0.7751416803257242
196.0,0.8234122526992123,0.7752289087748093
197.0,0.823649645952424,0.775385731889472
198.0,0.8239089583707021,0.7755067495176626
199.0,0.8241646675190429,0.775635444075845
200.0,0.8244037452064336,0.7757242969704412
201.0,0.8246182409733465,0.7758050668236679
202.0,0.8248322679371005,0.7758516948221191
203.0,0.8250508119298026,0.7759632507676841
204.0,0.8252821569824585,0.7760823126489765
205.0,0.8255412134784167,0.776186384033097
206.0,0.8257664030176349,0.776257065224729
207.0,0.8259943588444758,0.776359487226675
208.0,0.8261906018243772,0.7764629672556315
209.0,0.8264268946116129,0.7765452511205735
210.0,0.8266494714166007,0.7766091958506675
211.0,0.8268472877371285,0.7766928939806705
212.0,0.8270720718721262,0.7767642520245988
213.0,0.827292895609222,0.7768168612599207
214.0,0.8274941921824809,0.7768989705682179
215.0,0.827709586585722,0.7769661535021923
216.0,0.8279145160926417,0.7770519569990749
217.0,0.8281370463662985,0.7770851405734941
218.0,0.8283571171682961,0.777136998146529
219.0,0.8285778042196073,0.777194769271205
220.0,0.8287920871056813,0.7772634733416558
221.0,0.8290298880896801,0.7773718837052334
222.0,0.8292538998045847,0.777410421537554
223.0,0.8294919715427653,0.777473578981556
224.0,0.8297091931732071,0.7775035492887583
225.0,0.8299210325827667,0.7775509788228234
226.0,0.8301497113901616,0.7776051875669928
227.0,0.830378680436733,0.7776245206060023
228.0,0.8306011182293698,0.7777177872900463
229.0,0.8307891609346608,0.777817669314691
230.0,0.8309786609430718,0.7778590143028509
231.0,0.8311874877397759,0.7778734312567612
232.0,0.8314054695758364,0.7779436208398832
233.0,0.8316103028210652,0.7780029131010355
234.0,0.8318273735155023,0.778140068312921
235.0,0.8320497732106118,0.7782445030598533
236.0,0.8322689349067317,0.7783388847689958
237.0,0.8324836674017906,0.7783914085071855
238.0,0.8326941815408818,0.7784593074796418
239.0,0.832908035466249,0.7785614338040058
240.0,0.8330826786023423,0.7786112109468248
241.0,0.8332879861763256,0.7786788569902651
242.0,0.8334839749788319,0.7787569194343068
243.0,0.8336699074882662,0.778746780899385
244.0,0.8338823102177507,0.7788082996483539
245.0,0.834091410095203,0.7788899066609997
246.0,0.8343101564991946,0.7789217864041534
247.0,0.8345364348715562,0.778979625214059
248.0,0.8347623281971546,0.7790119894409617
249.0,0.8349559453558885,0.7790539222219052
250.0,0.8351488901368909,0.7790918188257346
251.0,0.8353442722871703,0.7792013869629769
252.0,0.8355265532504116,0.7792359527410327
253.0,0.8357160869940375,0.7792581926825356
254.0,0.8359532502079821,0.7792936561804791
255.0,0.8361431105433867,0.7793123159295727
256.0,0.836333392278157,0.7793411320254908
257.0,0.8365375735031114,0.779375679991644
258.0,0.8367451529693264,0.7794144850025028
259.0,0.8369527210935294,0.7795002884993854
260.0,0.8371471484790628,0.7795561929366758
261.0,0.8373328393163972,0.7796161905491684
262.0,0.8375154140086648,0.7796635773346675
263.0,0.8376807200515696,0.7797072841811034
264.0,0.8378775635764605,0.7797479309426839
265.0,0.8380794098010658,0.7797862764064573
266.0,0.8382632716662747,0.7798619948041255
267.0,0.8384618487740627,0.7799079388255195
268.0,0.838668698280024,0.7798999947169897
269.0,0.8388720969061567,0.7799142157399721
270.0,0.8390686813096986,0.7799760551031867
271.0,0.8392809581137688,0.7800062391532193
272.0,0.8394745761449652,0.7800274958777024
273.0,0.8396967815717682,0.780067918209311
274.0,0.8399076516755409,0.7801186037591593
275.0,0.840095676640762,0.780137263508253
276.0,0.8402939568204948,0.7802183041023982
277.0,0.840490267270826,0.78022007460551
278.0,0.840677187116938,0.7802646720470724
279.0,0.840870194715237,0.7803018846738446
280.0,0.8410561467096662,0.7803381675193046
281.0,0.8412514957063725,0.7803623988315107
282.0,0.841428683233804,0.7803812509491518
283.0,0.8416214791145475,0.7803934236033429
284.0,0.8418310509941878,0.7804269099801052
285.0,0.8420122003736255,0.7805165180993688
286.0,0.8421892043931208,0.7805822796435211
287.0,0.8423722368373562,0.7805950044666908
288.0,0.8425433421381963,0.7806585537725484
289.0,0.842723141527396,0.7806671070481449
290.0,0.8429129855768349,0.7807252272861105
291.0,0.8430744766322467,0.7807563197431723
292.0,0.8432466855980918,0.7808043940681092
293.0,0.8434088920727164,0.780852382895914
294.0,0.8436017757813469,0.7808544134528027
295.0,0.8437708802349579,0.7808643524944162
296.0,0.8439325044863044,0.7809135917177789
297.0,0.8440918344522164,0.7809866882033942
298.0,0.8442583622333782,0.7809972399744549
299.0,0.8444616486026753,0.7810542665616049
300.0,0.8446441235434021,0.7810735319153848
301.0,0.8448241730385054,0.7810818322619653
302.0,0.8450196264398855,0.7811237864171917
303.0,0.8451945432383686,0.7811695772562239
304.0,0.8453499209493615,0.7812479531897502
305.0,0.8455266460716921,0.7812836482424266
306.0,0.8457313658968019,0.7813459186536824
307.0,0.8459161892156357,0.7813572220870298
308.0,0.8460822540100551,0.781377164293106
309.0,0.8462507893273249,0.7814173408204597
310.0,0.846440010729392,0.7814498724792462
311.0,0.8466002925518419,0.7814828173741715
312.0,0.8467868919134123,0.7815395055351734
313.0,0.8469870316014565,0.7815757242577842
314.0,0.8471628481995511,0.7815736117661438
315.0,0.8473187389184672,0.7816249421068638
316.0,0.8474881879947478,0.7816570106561844
317.0,0.8476876198249205,0.781698719007156
318.0,0.8478517817787266,0.7817054376567915
319.0,0.8480058208414932,0.7817357855763274
320.0,0.8481643987447693,0.7817778644148717
321.0,0.8483445453740259,0.7817922849311625
322.0,0.8485012858713727,0.7818404625651341
323.0,0.8486557024195615,0.7819404478988136
324.0,0.8488313657550849,0.7819879593676304
325.0,0.8490177234445554,0.7820141856129202
326.0,0.8492168272288453,0.7820808413145797
327.0,0.8493859389529768,0.7821043744002064
328.0,0.8495520386458942,0.7821194076459445
329.0,0.8497164815326106,0.7821564065298863
330.0,0.8498728945657161,0.7821688321130933
331.0,0.8500274879329623,0.782199347464513
332.0,0.8501985257633726,0.7822584437947375
333.0,0.8503659094302025,0.7822649950124891
334.0,0.8505146331608753,0.7822950579415846
335.0,0.8507006965396777,0.7823005689442283
336.0,0.8508805959712389,0.7823568082452864
337.0,0.8510427541696076,0.7823844915042034
338.0,0.8512104498871754,0.7824485431057125
339.0,0.8513678621806122,0.7824606979480011
340.0,0.8515307136958115,0.782498035258091
341.0,0.8517068531050144,0.7825111091945504
342.0,0.8518891326141514,0.7825214080365951
343.0,0.852062742173057,0.7825330320841881
344.0,0.8522261244362495,0.7825753602893679
345.0,0.8523851423514234,0.7826318774561055
346.0,0.852530238674031,0.7826855874670039
347.0,0.8526794230648798,0.7827003392846819
348.0,0.8528511350179466,0.7827115429713751
349.0,0.8529976319336146,0.7827329350663175
350.0,0.8531707485512333,0.7827575618027598
351.0,0.853335619526194,0.7827736673250302
352.0,0.8534884534274901,0.7827943540686322
353.0,0.8536464752813618,0.7828628301467305
354.0,0.8538152990928833,0.7828659507920543
355.0,0.8539713613960822,0.7829323179408928
356.0,0.8541367139703179,0.7829609808544491
357.0,0.8542788005882781,0.7829951155844636
358.0,0.8544545997371237,0.7829850482971519
359.0,0.8545912261942225,0.7829930387166282
360.0,0.8546888303139376,0.7830232762023684
361.0,0.854851708875473,0.7830335999810767
362.0,0.8550187999765597,0.7830272625061554
363.0,0.8551772647505376,0.7830406071835332
364.0,0.8553306314355726,0.783060168214895
365.0,0.8554971164660743,0.783096183881817
366.0,0.8556532311170203,0.7831273547112501
367.0,0.8558310657207724,0.7831679907856891
368.0,0.8559973259467816,0.7831658141711996
369.0,0.856173691614581,0.783170626947264
370.0,0.8563182388674838,0.7832169735176552
371.0,0.8565034876571747,0.7831958022903043
372.0,0.8566768770647207,0.7831849512792811
373.0,0.8568132941308305,0.7831791659733384
374.0,0.8569960020190328,0.7832214407428105
375.0,0.8571579758370028,0.7832065927408589
376.0,0.8573114306407458,0.7832504741439394
377.0,0.8574598568617217,0.7832741924733526
378.0,0.8576137182329684,0.7832967174052959
379.0,0.8577642575580091,0.7833149069201628
380.0,0.8578996593686427,0.7833094351037047
381.0,0.858052899255801,0.7833068203164127
382.0,0.8582189378763467,0.7833075399172751
383.0,0.8583727820891652,0.7833374069154426
384.0,0.8585009616556,0.7833441718760248
385.0,0.8586659693163452,0.7833756312582788
386.0,0.8588123685162183,0.783396727675639
387.0,0.8589739994564437,0.7834314858222421
388.0,0.8591412220085403,0.7834198297132244
389.0,0.8592912445449871,0.783433854805279
390.0,0.8594424419975393,0.7834721325838228
391.0,0.8596114952666863,0.7834452793595638
392.0,0.8597468298977108,0.7834530275371657
393.0,0.8599007718263242,0.7834783809992314
394.0,0.8600496912794077,0.7834951989976031
395.0,0.8601964394642625,0.7835121594911951
396.0,0.8603392740733671,0.7835321301963153
397.0,0.8604873582890608,0.783541353199447
398.0,0.8606339465224656,0.7835420514260263
399.0,0.8607910583979972,0.7835497105441155
400.0,0.860931883726069,0.7835395577596717
401.0,0.8610699634147964,0.7835563187599554
402.0,0.861226457877731,0.7835460519793352
403.0,0.8613763949128572,0.7835538250936006
404.0,0.8615325296304397,0.7835655595749895
405.0,0.8616772740598574,0.783578227400071
406.0,0.8618267085566098,0.7835895700196042
407.0,0.861956125274805,0.7835844437540551
408.0,0.862089251994178,0.7836487981579073
409.0,0.8622360900426657,0.7836719037578732
410.0,0.8623711187301893,0.7836774966952686
411.0,0.8625186794684102,0.7836693459686696
412.0,0.862648221821199,0.7836809557667406
413.0,0.8627782306505801,0.7836798799278276
414.0,0.8629133169206259,0.7837349008947524
415.0,0.863058693885323,0.7837776280865489
416.0,0.8631938531513942,0.7837808413537659
417.0,0.863333942702796,0.7837860744907301
418.0,0.8634790855567345,0.7838145699724026
419.0,0.8636150085182741,0.7838111287128332
420.0,0.8637506630521986,0.7838329874796218
421.0,0.8638813052893217,0.7838036512761498
422.0,0.864027707397403,0.7837861813621453
423.0,0.8641841210121501,0.783777649460832
424.0,0.8643305606361169,0.7837620141727883
425.0,0.8644916183685096,0.78378923788462
426.0,0.8646491173265503,0.7838152325751768
427.0,0.8648006983717617,0.7838238677855249
428.0,0.864952936962843,0.783782811350186
429.0,0.8650943456774761,0.7837938119811905
430.0,0.8652299778181975,0.7838294963467254
431.0,0.8653990534805476,0.7838283350106802
432.0,0.8655450943891726,0.7838574610337024
433.0,0.8656962496727062,0.7838747385791595
434.0,0.8658361307055814,0.7839162759358668
435.0,0.8659726193136125,0.7839398767067232
436.0,0.866105552927962,0.7839363357004996
437.0,0.8662395352421819,0.7839259762979863
438.0,0.8663595770604823,0.7839470940896296
439.0,0.8664843188340253,0.7839515221285993
440.0,0.8666158614524015,0.7839505104125354
441.0,0.8667693976859736,0.7839753366422861
442.0,0.8669274169224579,0.7839729569721077
443.0,0.8670613995274987,0.7839845703325593
444.0,0.8672159864966869,0.7839668902381048
445.0,0.8673407070403102,0.7839743498628857
446.0,0.8674761623619742,0.7839985134898622
447.0,0.8676139401786922,0.7840074550649339
448.0,0.867745115490375,0.7840123248390863
449.0,0.8679045074011212,0.7840086484624036
450.0,0.8680230366603462,0.7839719737550879
451.0,0.8681791757402411,0.7839950045450632
452.0,0.8683369152070983,0.783996023385888
453.0,0.8684876868979727,0.7840172480489466
454.0,0.8686207950048133,0.7840195457843733
455.0,0.8687743937648612,0.7840300334325848
456.0,0.8688989933270241,0.784041974532043
457.0,0.8690417639555488,0.7840808222914678
458.0,0.8692027071045391,0.7840778477037448
459.0,0.869318637298112,0.7840938997903076
460.0,0.8694564159872925,0.7840965929499706
461.0,0.8695829198441729,0.7841065640530086
462.0,0.8697010771435714,0.7841253769844642
463.0,0.8698413510753719,0.784122908254773
464.0,0.869971705399885,0.7841151351405076
465.0,0.8701187601098822,0.7841105289825125
466.0,0.8702492549008506,0.784099788405285
467.0,0.8704132455611947,0.784097636727459
468.0,0.870559588341829,0.7840867572173918
469.0,0.8706797520140521,0.7840838716891815
470.0,0.8707987602551647,0.7840975761669904
471.0,0.8709295196930775,0.7840779332008769
472.0,0.8710517089322993,0.784069932094259
473.0,0.871194799463724,0.7840690984972205
474.0,0.8713279872554687,0.7841003726356881
475.0,0.871438734149599,0.7840870172711688
476.0,0.8715698300671986,0.784093607675106
477.0,0.8716927056435513,0.7840877618086947
478.0,0.8718366218152787,0.7841123992322785
479.0,0.8719810399437383,0.7841207173907615
480.0,0.8721049854498811,0.7841077325138148
481.0,0.8722256208334714,0.7841196985499366
482.0,0.8723572198710863,0.7841087371051176
483.0,0.8724956017226437,0.7841015410964943
484.0,0.8726106966788268,0.7841428326489466
485.0,0.8727289735055817,0.7841337699529377
486.0,0.8728688670437519,0.7841473390602874
487.0,0.8730039957736372,0.7841472321888723
488.0,0.8731660870832177,0.7842028908219077
489.0,0.8733001301789887,0.7842131291034838
490.0,0.8734350140377449,0.7841966067826941
491.0,0.8735674282461132,0.7842026735166969
492.0,0.873688432390501,0.7841933828283356
493.0,0.873819485848261,0.784231496737376
494.0,0.8739462514438777,0.7842023279657877
495.0,0.8741013208848033,0.7841955238190201
496.0,0.8742139246698578,0.7841742777816786
497.0,0.8743398942888951,0.7841733836241714
498.0,0.8744354661527328,0.7841696288751174
499.0,0.8745791304736317,0.7841942021758521
500.0,0.8747118122371528,0.7842053524268379
501.0,0.8748341605553621,0.7842084516978787
502.0,0.8749689004578134,0.784236088645849
503.0,0.8750843603941233,0.7842407660514542
504.0,0.8752262006868505,0.7842217322524073
505.0,0.875353440320401,0.7841897527625994
506.0,0.8754921996573803,0.7841905578605939
507.0,0.8756134780457996,0.7841955558804447
508.0,0.8757321108372359,0.7841834829729077
509.0,0.8758679203786565,0.7841913059605002
510.0,0.8759923916888386,0.7841834224124391
511.0,0.876125917414374,0.7842107316214029
512.0,0.8762613756442461,0.7842092888572977
513.0,0.8763856108079239,0.7842149031689761
514.0,0.8764992583488949,0.784220962778218
515.0,0.876623695923862,0.7841964785369959
516.0,0.8767398119519378,0.7841922179299099
517.0,0.8768778096291944,0.7841978678653935
518.0,0.8770049902261187,0.784169400882765
519.0,0.8771563551914622,0.7841910708433868
520.0,0.8772934815695475,0.7842344107646304
521.0,0.8774193136303379,0.7842350377435996
522.0,0.877555755707038,0.7842123275678698
523.0,0.877670737243102,0.7842206777877774
524.0,0.8777834044270949,0.7842354296054553
525.0,0.8778933838450861,0.7842420021974901
526.0,0.878025141380047,0.7842302712784818
527.0,0.8781507204267255,0.7842535763717561
528.0,0.8782495561726057,0.7842561947214285
529.0,0.8783809568704226,0.7842682640665849
530.0,0.878497962810202,0.7842612604265089
531.0,0.8786051084701408,0.784262688941092
532.0,0.8787110870661363,0.7842411686004515
533.0,0.8788283806277049,0.7842277847368881
534.0,0.8789345590176025,0.7842046648874001
535.0,0.8790584995797914,0.7842134425929684
536.0,0.8791721421768085,0.7842281694739828
537.0,0.8793075140328976,0.7842353832945087
538.0,0.8794369828080194,0.7842403955638816
539.0,0.8795570222997533,0.7842604517661339
540.0,0.8796685797115039,0.7842964460587728
541.0,0.8797823159528245,0.7842854026792022
542.0,0.8799079784650778,0.7842774728201946
543.0,0.8800144116140122,0.7842444602400396
544.0,0.8801388174895102,0.784248703035223
545.0,0.8802957182291279,0.7842501707359917
546.0,0.8804303522728013,0.7842600064685705
547.0,0.8805474303361436,0.7842504628511933
548.0,0.8806595225673789,0.7842426719250253
549.0,0.8807737348823789,0.7842262493508897
550.0,0.8809043960228551,0.7842427609845379
551.0,0.8810284212139021,0.7842287430172444
552.0,0.8811618620197587,0.7841993284414012
553.0,0.8812797040693903,0.7842055982310928
554.0,0.8814164875697309,0.784226919078425
555.0,0.8815370293090178,0.7842466653535732
556.0,0.8816411059368623,0.7842464907969284
557.0,0.881749766773264,0.7842259287366441
558.0,0.8818791029340926,0.7842315216740395
559.0,0.8819670267920537,0.7842220279299894
560.0,0.8821042500134715,0.7842125840592663
561.0,0.8822227013327172,0.7842175678295951
562.0,0.8823518318832274,0.7842329501886227
563.0,0.8824720063158209,0.7842262956618363
564.0,0.8826072868541731,0.7842544527173607
565.0,0.8827247232087634,0.7842314611135709
566.0,0.8828335338178864,0.7842370647381078
567.0,0.8829496155291056,0.7842138843281512
568.0,0.8830656402394443,0.7842176640138687
569.0,0.8831964011314614,0.7842000480422635
570.0,0.8833256308518705,0.7841835542205179
571.0,0.8834297342352304,0.78417850632734
572.0,0.8835474960183162,0.7842063071448137
573.0,0.883672279670057,0.7842384291298419
574.0,0.8838055771012502,0.7842410296676118
575.0,0.8839165066308544,0.7842393410992516
576.0,0.8840403730337347,0.7842529351432649
577.0,0.8841638840535752,0.784266465064429
578.0,0.8842627695298152,0.7842655067840728
579.0,0.8843808817519869,0.7842671953524329
580.0,0.8844915361650971,0.7842718834451796
581.0,0.884615414491631,0.7842922103883504
582.0,0.8847322639698102,0.7843007886006104
583.0,0.8848459350672674,0.7842659200202116
584.0,0.8849501355847805,0.7842953773446208
585.0,0.8850539970052197,0.7842737608197066
586.0,0.8851937119794077,0.7842939702043207
587.0,0.8852879597360601,0.7842936282157921
588.0,0.8854100471879955,0.7842827736423884
589.0,0.8855255490025034,0.7842993351493637
590.0,0.8856413657759571,0.7842629204958249
591.0,0.8857425333231574,0.7842625678201548
592.0,0.8858454644077992,0.7842723323051235
593.0,0.8859864773152987,0.7842728096641113
594.0,0.8860988533876526,0.7842975254600663
595.0,0.8862106262976296,0.784289527915829
596.0,0.8863194869279333,0.7843082090392056
597.0,0.8864173644192175,0.7842947147418465
598.0,0.8865407599831931,0.7842953702198598
599.0,0.8866538200661114,0.7842794285670927
600.0,0.8867739468040907,0.7842789333962022
601.0,0.8868921122464721,0.7842403385657934
602.0,0.8870113653587136,0.784214283314768
603.0,0.8871146204177468,0.7842168945396794
604.0,0.8872340328997966,0.7842386001241062
605.0,0.8873378291763725,0.7842573204336686
606.0,0.8874214491770454,0.7842410367923728
607.0,0.8875347721619832,0.7842563550285512
608.0,0.8876513790956,0.7842622650178117
609.0,0.8877909472052748,0.784278783776221
610.0,0.887906969589047,0.7842454434570595
611.0,0.8880216390743731,0.784217756635762
612.0,0.8881437497919741,0.7842446134224014
613.0,0.8882688184481167,0.7842640212714015
614.0,0.8883751221817869,0.7842754743247303
615.0,0.8884813517561485,0.7842435019596833
616.0,0.8886061618725838,0.7842444816143227
617.0,0.8887180877543112,0.784222615722773
618.0,0.8888350768264831,0.7842290493819679
619.0,0.8889523311272411,0.7842097947153296
620.0,0.8890595326247771,0.7842039702232013
621.0,0.8891796829192427,0.7841943517958334
622.0,0.8893004590601089,0.7842146502399602
623.0,0.8894048971782306,0.7842093458553858
624.0,0.8895453493831926,0.7842179418795483
625.0,0.8896603111434409,0.7842137168962674
626.0,0.8897677947371705,0.784231222434077
627.0,0.889875611320737,0.7842279984797185
628.0,0.8899852161615144,0.7842030938775967
629.0,0.8900977492771102,0.7842027198276434
630.0,0.8902167752582926,0.784209178423502
631.0,0.8903208620648658,0.7842105998133241
632.0,0.890464796267484,0.784236102895371
633.0,0.8905678271036663,0.784217756635762
634.0,0.8906840074031429,0.784218551046615
635.0,0.8907800605754347,0.7842203607359123
636.0,0.8908894516629107,0.7842296264876101
637.0,0.8910064823224596,0.784234161397995
638.0,0.8910895334776121,0.7842120497021904
639.0,0.8912179678030836,0.784223410133626
640.0,0.8913101518952102,0.7841918331928153
641.0,0.8914171361495951,0.7841773164922508
642.0,0.8915435966741735,0.7841967385907729
643.0,0.8916422433865218,0.7842000836660685
644.0,0.8917496467137056,0.7841976006868555
645.0,0.8918731809992115,0.7842089789301936
646.0,0.8919807945898468,0.784200037355122
647.0,0.8920548852647703,0.7841947115962646
648.0,0.8921853047331466,0.7841952637652431
649.0,0.892297077061482,0.7841904118029931
650.0,0.8924101412158917,0.7841673133277881
651.0,0.8925240993534965,0.7841915588895162
652.0,0.8926142282149011,0.7841998414241941
653.0,0.892735743913108,0.7842115652184415
654.0,0.8928565726925424,0.7842147143628093
655.0,0.8929697930177314,0.784206998246632
656.0,0.8930707770569954,0.7842096059091628
657.0,0.8931825406607062,0.7841961472356087
658.0,0.8932791158563667,0.7841863720634986
659.0,0.8933985012920804,0.7842186935418352
660.0,0.8934995792664687,0.784215626332219
661.0,0.8936041715196239,0.7842171688429783
662.0,0.893709925311127,0.784216456366877
663.0,0.8938216005053091,0.7842052776168472
664.0,0.893936812371461,0.7842368438705164
665.0,0.8940392045651268,0.7842553041263017
666.0,0.8941231337083293,0.7842674162200243
667.0,0.894237471076281,0.7842697887654417
668.0,0.8943445169846793,0.7842600420923755
669.0,0.8944471249673921,0.7842364235096166
670.0,0.8945539385099566,0.7842419416370214
671.0,0.8946830658614378,0.7842705724891532
672.0,0.8947749030043284,0.7842599352209604
673.0,0.8948967572179676,0.7842461024974532
674.0,0.8950242251458602,0.7842501279874257
675.0,0.8951223838608756,0.7842431492840132
676.0,0.8952117923591136,0.7842518557419713
677.0,0.8953328985816085,0.7841966602184017
678.0,0.8954591642562388,0.7841991396352344
679.0,0.8955809126111003,0.7841982062915416
680.0,0.8956916629950805,0.7842143616871391
681.0,0.8958073323223795,0.784215597833175
682.0,0.8959020404483872,0.7842308804455483
683.0,0.8960091549904985,0.7842346850679295
684.0,0.8961256112789315,0.7842716590152077
685.0,0.8962378227467023,0.7842840917231758
686.0,0.8963225597901378,0.7842705653643922
687.0,0.8964277485167911,0.7842566471437528
688.0,0.8965147240080641,0.7842828769514231
689.0,0.8965817526810596,0.7842938098971979
690.0,0.8966988164941818,0.7842938989567105
691.0,0.8967941999061293,0.7842697709535392
692.0,0.8969055717741979,0.7842585173935187
693.0,0.8970360950656064,0.7842440576910423
694.0,0.897143620246713,0.7842693577174004
695.0,0.8972494906573643,0.7842707648577005
696.0,0.8973784839404482,0.7843066202174998
697.0,0.8974695184178806,0.784352728108397
698.0,0.8975591272916623,0.7843517199547136
699.0,0.8976676057834109,0.7843430562453215
700.0,0.8977731903171977,0.7843525357398496
701.0,0.8978694973760638,0.7843376022407659
702.0,0.8979662435743653,0.7843071296379122
703.0,0.8980993569159805,0.7843031362093642
704.0,0.8981969985515812,0.7843225868069305
705.0,0.8982935493182929,0.7843279517519733
706.0,0.8983974892603529,0.7843215608413445
707.0,0.8984982185405802,0.7843170401804817
708.0,0.898585968487692,0.7843340327354982
709.0,0.8986917708462717,0.7843202534476986
710.0,0.8988137890828525,0.7843095627437981
711.0,0.898897391925097,0.7842997875716881
712.0,0.8990197207583116,0.7843201358891418
713.0,0.8991114075468392,0.784309238567172
714.0,0.8992078934605083,0.7843195516587388
715.0,0.8993108873624469,0.7843345172192471
716.0,0.8993988740377047,0.7843686448245005
717.0,0.8995353998708004,0.784395733165873
718.0,0.8996439400165626,0.7844025088135965
719.0,0.8997395810957549,0.784387927990183
720.0,0.8998382289713865,0.7843831971488702
721.0,0.8999246164229652,0.7843776006490942
722.0,0.9000204093106247,0.7843977423484787
723.0,0.9001063235967321,0.7844049561690046
724.0,0.9002236724142562,0.7844049347947215
725.0,0.9003084533716351,0.784392006915863
726.0,0.9004010739858099,0.784382367114212
727.0,0.900479362368423,0.7843896058714016
728.0,0.9005494821758949,0.784408101750992
729.0,0.9006445392868845,0.7843941835303526
730.0,0.9007465569033363,0.7844149949572723
731.0,0.9008314867609742,0.784416997015117
732.0,0.9009274332020257,0.7844036737120222
733.0,0.9010243137595452,0.7843883483510827
734.0,0.901135367178818,0.7843996019111031
735.0,0.9012492238199572,0.7843875040669026
736.0,0.9013379907674702,0.78438875090008
737.0,0.9014396067603723,0.7843803080582793
738.0,0.9015345836048159,0.7843879386773245
739.0,0.9016343217676949,0.7843973077380568
740.0,0.9017226795303167,0.784386909149358
741.0,0.9018150927892481,0.7844042045067177
742.0,0.9018916682372421,0.784371861654098
743.0,0.901986703827491,0.7843881132339693
744.0,0.9021061628408718,0.7844059536355464
745.0,0.9022064948598614,0.784383140150782
746.0,0.9023126235193991,0.7844014579113471
747.0,0.9024041172029034,0.7844167761475256
748.0,0.9025030262356297,0.7843895773723575
749.0,0.9025801478451203,0.7843626137143028
750.0,0.9026678887767867,0.7843502023806178
751.0,0.9027881792468866,0.7843569851531024
752.0,0.9028852293529431,0.7843823884884952
753.0,0.9030006514825467,0.7843915580559192
754.0,0.9031145979873187,0.7844034314701478
755.0,0.9032189968446299,0.7843951382483283
756.0,0.9033109590404723,0.7844120702428763
757.0,0.9033982710114319,0.7844075816434379
758.0,0.9035075797966164,0.784386606347015
759.0,0.9036041994878621,0.7843739670209775
760.0,0.9037156056727873,0.7843432094276833
761.0,0.9038118342100324,0.7843588874642929
762.0,0.9039266744071788,0.7843399071009536
763.0,0.9040236366853481,0.784326936473529
764.0,0.9041011860922622,0.784310271657519
765.0,0.9041732008881855,0.7843173892937713
766.0,0.9042511684954362,0.7843151877426181
767.0,0.9043415654936351,0.7843418236616662
768.0,0.9044339915486824,0.7843374561831651
769.0,0.9045290780325745,0.784304632409177
770.0,0.904606418920962,0.7842903258890624
771.0,0.9047019605394346,0.7842899090905432
772.0,0.9048084198622426,0.7842758946856301
773.0,0.9049041982088611,0.7842934215977226
774.0,0.9050048507123925,0.7842853064949286
775.0,0.9051046217380239,0.784269136849809
776.0,0.9051977736818335,0.7842722859941769
777.0,0.905283942145336,0.7842746086662672
778.0,0.9054126193061907,0.784317225424268
779.0,0.9055189134427739,0.784306791211764
780.0,0.9055980728337375,0.7843093169395432
781.0,0.9056812254853555,0.7843084762177437
782.0,0.9057920823097552,0.784323203098758
783.0,0.9058900104038617,0.7842985585504132
784.0,0.9059806252268535,0.784296271502128
785.0,0.9060823310833883,0.7842928302425586
786.0,0.9061814402008375,0.7842935249067574
787.0,0.9062652855876444,0.7842942088838146
788.0,0.9063385360812242,0.7842828769514231
789.0,0.9064219943855221,0.7843072792578935
790.0,0.906536568190799,0.7843009453453527
791.0,0.9066225671057645,0.7842748972190882
792.0,0.9067226126662483,0.7842885838849947
793.0,0.9068134639265653,0.7843023346737502
794.0,0.9068967105133074,0.7842996058902821
795.0,0.9070070581104546,0.7843389666324999
796.0,0.9070728949997372,0.7843350872001281
797.0,0.9071977132591553,0.7843014227043406
798.0,0.9073089498955436,0.7843006567925316
799.0,0.9073957421697012,0.7842952205998786
800.0,0.9074890433045905,0.7842849466944974
801.0,0.907586363583187,0.7842999158173862
802.0,0.9076971744578974,0.7842986012989793
803.0,0.9077973299486505,0.7843180875203506
804.0,0.9079048865384055,0.7843107561412679
805.0,0.9079845699884834,0.7843120207863478
806.0,0.9080745662355949,0.7843032644550625
807.0,0.9081779920064484,0.7843241506919728
808.0,0.9082850108685105,0.7843050028967498
809.0,0.9083874926349882,0.7843205170638561
810.0,0.908504577968851,0.7843559057518089
811.0,0.9085882584602539,0.7843876536868839
812.0,0.9086652954408864,0.7843535830797186
813.0,0.9087463262638149,0.7843252372180274
814.0,0.9088182203690987,0.7843164808867421
815.0,0.908925080733815,0.7843210870447371
816.0,0.9090174588034273,0.7843438435314134
817.0,0.9090854530015392,0.7843612208235248
818.0,0.9091957971088365,0.784395522985423
819.0,0.9093001549604122,0.7844114788877122
820.0,0.9093992227813052,0.7844318307675466
821.0,0.909474953976464,0.7844407687802377
822.0,0.9095742663776651,0.7844324898079403
823.0,0.9096643210797611,0.7844258459682955
824.0,0.9097486466117388,0.7844179944816588
825.0,0.9098533993979857,0.784388554969152
826.0,0.9099390999307918,0.7843881880439599
827.0,0.9100332735281357,0.7843905463398553
828.0,0.9101166024171695,0.7843840022468647
829.0,0.9101905279058682,0.7843932929352259
830.0,0.9102596045390654,0.7843963352081785
831.0,0.9103635913032772,0.7844032960996885
832.0,0.9104549680768126,0.7844005174428933
833.0,0.9105277439508169,0.784387732059255
834.0,0.9106053244755586,0.784396830379069
835.0,0.9106758607384422,0.7843927835148135
836.0,0.9107804803287544,0.7843971545556951
837.0,0.9108891702472378,0.7843557846308716
838.0,0.9109689048817797,0.7843858831837721
839.0,0.9110365800494541,0.7843988075002502
840.0,0.9111399877894168,0.7844102178050129
841.0,0.911216742092214,0.784400859431422
842.0,0.9113232383492659,0.7843867951531819
843.0,0.9114343388815113,0.7843779497623838
844.0,0.9115105667986275,0.7843844083582424
845.0,0.9116170665455292,0.7844157858057448
846.0,0.9117031535792026,0.7843829620317567
847.0,0.9118076803976738,0.7843830582160304
848.0,0.9119100248967252,0.7843849249034158
849.0,0.912002474508259,0.7843956049201747
850.0,0.9121071307419942,0.7843855126961995
851.0,0.9121869869396381,0.7843820607494886
852.0,0.9122706025779986,0.7843789828527308
853.0,0.9123662137026468,0.7843878852416168
854.0,0.9124431046912285,0.7843735110362726
855.0,0.9125329322622654,0.7843464583187053
856.0,0.9126154794249399,0.7843481326375434
857.0,0.9126839700541884,0.7843420195925941
858.0,0.9127590509739979,0.7843337406202967
859.0,0.9128400690008104,0.7843213364113726
860.0,0.9129436288400611,0.7843518731370753
861.0,0.913005676043262,0.7843603694145836
862.0,0.9131046135764285,0.7843460486449471
863.0,0.9131721837577874,0.7843388811353678
864.0,0.9132639420882362,0.7843367686437273
865.0,0.9133652198565266,0.7843300927426579
866.0,0.9134635292167259,0.7843339721750295
867.0,0.9135594340704004,0.7843284433604834
868.0,0.9136496513413337,0.7843445595698952
869.0,0.9137254901401952,0.7843561016827367
870.0,0.9138107396099123,0.7843444135122946
871.0,0.913894454127351,0.7843103535922706
872.0,0.9139928399734255,0.784321008672366
873.0,0.9140631287477928,0.7842866958233261
874.0,0.9141273795003331,0.784279318133297
875.0,0.9142176197461109,0.7843216534632377
876.0,0.9142917397939371,0.7843138981608747
877.0,0.9143745390982609,0.7843290489651694
878.0,0.9144777540240213,0.7843297863779343
879.0,0.9145559647574759,0.7843189674283357
880.0,0.9146449207385208,0.7843120172239673
881.0,0.9147321544786803,0.7843298433760224
882.0,0.9148232401405767,0.7843160070901347
883.0,0.9149008087416648,0.7843141938384568
884.0,0.9149948177344256,0.784330691222583
885.0,0.9150623658134023,0.7843069728931699
886.0,0.915149672840408,0.7843130146905091
887.0,0.9152277015200305,0.7843250163504359
888.0,0.9153039369984881,0.784310018728503
889.0,0.9153672478181439,0.7843219562655808
890.0,0.9154648429224137,0.7842962145040399
891.0,0.9155466409306606,0.7842653037283839
892.0,0.9156420729096847,0.7842423548731602
893.0,0.9157186437045456,0.7842398042087174
894.0,0.9158013106853973,0.784242297875072
895.0,0.9158766024502998,0.7842451121556723
896.0,0.915967758781655,0.7842568715737247
897.0,0.9160379533300773,0.7842469966549603
898.0,0.9161042072564132,0.7842409227961965
899.0,0.9161920650980485,0.7842335486685478
900.0,0.9162705282639734,0.7842292560000373
901.0,0.9163810861245719,0.7842537901145865
902.0,0.9164454814150588,0.7842545346521124
903.0,0.9165372574855776,0.7842683745003806
904.0,0.9166232430227855,0.7842471177758975
905.0,0.9167166715371932,0.7842504664135738
906.0,0.9167926278276652,0.784234161397995
907.0,0.9168635066774726,0.7842271078845918
908.0,0.9169602490951035,0.7842604731404169
909.0,0.917042270162918,0.7842456750117923
910.0,0.9171240777682519,0.7842457640713051
911.0,0.9172079827733266,0.7842471035263755
912.0,0.9172788805264872,0.7842429533530854
913.0,0.9173567111571325,0.7842459350655694
914.0,0.9174590774677454,0.7842307913860357
915.0,0.9175499261106749,0.7842447951038072
916.0,0.9176297581701909,0.784271830009472
917.0,0.9177017718028309,0.7842985977365988
918.0,0.9177711671756448,0.7842842021569715
919.0,0.9178660096608704,0.7843154691706782
920.0,0.9179568408545509,0.7843046359715575
921.0,0.9180445372906322,0.7843078349892525
922.0,0.9181357264847398,0.7843374739950676
923.0,0.9182141538797041,0.7843403417113755
924.0,0.9182745335163334,0.7843223623769585
925.0,0.9183311665083622,0.78431885699454
926.0,0.9184275785535436,0.7843134279266479
927.0,0.9184778771773315,0.7843115612392624
928.0,0.9185517162922472,0.7843075571235729
929.0,0.9186170163262994,0.7842851568749473
930.0,0.918688135103282,0.7843042227354188
931.0,0.9187536436558608,0.784307859925916
932.0,0.9188446257855459,0.7843024094837409
933.0,0.9189361529134443,0.7843097444252041
934.0,0.9190081985363743,0.7842917259046015
935.0,0.9190667896249719,0.7842836143641879
936.0,0.9191579948142246,0.7843111765021676
937.0,0.9192378873644707,0.7842733368964263
938.0,0.9193361792754208,0.7842395512797015
939.0,0.919411628374386,0.7842315679849862
940.0,0.9195059188816987,0.7842311511864669
941.0,0.9196015398942547,0.7842518521795908
